{
  "TrArmy": {
    "name": "TrArmy.png",
    "x": 2338,
    "y": -987,
    "width": 497,
    "height": 133
   },
      "TrArm": {
    "name": "trar.png",
    "x": 1323,
    "y": 777,
    "width": 190,
    "height": 107
   },
    "Ataturk": {
    "name": "TrArmyAtaturk.png",
    "x": 2307,
    "y": -854,
    "width": 200,
    "height": 200
   },
      "Serit": {
    "name": "serit.png",
    "x": 1187,
    "y": -288,
    "width": 212,
    "height": 77
   },
    "Vm1": {
    "name": "vm1.png",
    "x": -1432,
    "y":  3295,
    "width": 202,
    "height": 256
   },
    "FenerBahceMerkezLogo": {
    "name": "fenerbahcemerkezlogo.png",
    "x": 1481,
    "y": -492,
    "width": 147,
    "height": 147
   },
    "Fenerbahce": {
    "name": "fenerbahcelogo.png",
    "x":  1036,
    "y": -3793,
    "width": 145,
    "height": 145
   },
    "guzel": {
    "name": "guzel.png",
    "x": 2672,
    "y": -1152,
    "width": 371,
    "height": 145
  },
  "SaldrBayragi": {
    "name": "SaldrBayragi.png",
    "x": 2328,
    "y": -1238,
    "width": 345,
    "height": 244
   },
    "italynap": {
    "name": "italynap.png",
    "x": 701,
    "y": -224,
    "width": 440,
    "height": 384
   },
      "AlsancakPlan": {
    "name": "AlsancakPlan.png",
    "x": 71,
    "y": -3814,
    "width": 273,
    "height": 155
   },
  "TrZoneMerkez": {
    "name": "TrZoneMerkez.png",
    "x": 812,
    "y": -505,
    "width": 377,
    "height": 279
  }
}
